{
  "instruction_following": {
    "DASD-4B-Thinking-GGUF_Q4_K_M": {
      "avg": 21.6,
      "sd": 5.680375574437544,
      "ci_lo": 17.53650410431902,
      "ci_hi": 25.66349589568098,
      "p": 3.7829075510066867e-07,
      "sig": "***",
      "n": 10,
      "max": 26,
      "raw": [
        15,
        26,
        26,
        15,
        26,
        26,
        15,
        26,
        26,
        15
      ]
    },
    "Falcon-H1-Tiny-R-90M-GGUF_Q4_K_M": {
      "avg": 0.0,
      "sd": 0.0,
      "ci_lo": 0.0,
      "ci_hi": 0.0,
      "p": 1.0,
      "sig": "",
      "n": 10,
      "max": 0,
      "raw": [
        0,
        0,
        0,
        0,
        0,
        0,
        0,
        0,
        0,
        0
      ]
    },
    "deepseek-v3.2": {
      "avg": 14.3,
      "sd": 9.177871939253311,
      "ci_lo": 7.734545926140768,
      "ci_hi": 20.865454073859233,
      "p": 0.0004082782763488895,
      "sig": "***",
      "n": 10,
      "max": 26,
      "raw": [
        5,
        15,
        26,
        26,
        15,
        5,
        26,
        5,
        15,
        5
      ]
    },
    "deepseek-v3": {
      "avg": 0.0,
      "sd": 0.0,
      "ci_lo": 0.0,
      "ci_hi": 0.0,
      "p": 1.0,
      "sig": "",
      "n": 10,
      "max": 0,
      "raw": [
        0,
        0,
        0,
        0,
        0,
        0,
        0,
        0,
        0,
        0
      ]
    },
    "gemma3_1b": {
      "avg": 0.0,
      "sd": 0.0,
      "ci_lo": 0.0,
      "ci_hi": 0.0,
      "p": 1.0,
      "sig": "",
      "n": 10,
      "max": 0,
      "raw": [
        0,
        0,
        0,
        0,
        0,
        0,
        0,
        0,
        0,
        0
      ]
    },
    "gemma3_4b": {
      "avg": 0.0,
      "sd": 0.0,
      "ci_lo": 0.0,
      "ci_hi": 0.0,
      "p": 1.0,
      "sig": "",
      "n": 10,
      "max": 0,
      "raw": [
        0,
        0,
        0,
        0,
        0,
        0,
        0,
        0,
        0,
        0
      ]
    },
    "gemma3n_e2b": {
      "avg": 1.4,
      "sd": 1.837873166945363,
      "ci_lo": 0.08526473772745846,
      "ci_hi": 2.7147352622725416,
      "p": 0.019661062255382146,
      "sig": "*",
      "n": 10,
      "max": 4,
      "raw": [
        0,
        1,
        0,
        4,
        1,
        4,
        0,
        0,
        0,
        4
      ]
    },
    "gemma3n_e4b": {
      "avg": 0.0,
      "sd": 0.0,
      "ci_lo": 0.0,
      "ci_hi": 0.0,
      "p": 1.0,
      "sig": "",
      "n": 10,
      "max": 0,
      "raw": [
        0,
        0,
        0,
        0,
        0,
        0,
        0,
        0,
        0,
        0
      ]
    },
    "gpt-4o": {
      "avg": 15.0,
      "sd": 0.0,
      "ci_lo": 15.0,
      "ci_hi": 15.0,
      "p": 0.0001,
      "sig": "***",
      "n": 10,
      "max": 15,
      "raw": [
        15,
        15,
        15,
        15,
        15,
        15,
        15,
        15,
        15,
        15
      ]
    },
    "gpt-oss_20b": {
      "avg": 19.2,
      "sd": 5.43241300999023,
      "ci_lo": 15.313885837218603,
      "ci_hi": 23.086114162781396,
      "p": 7.037192847605532e-07,
      "sig": "***",
      "n": 10,
      "max": 26,
      "raw": [
        15,
        15,
        15,
        26,
        15,
        15,
        15,
        26,
        25,
        25
      ]
    },
    "llama-3.2-11b-vision": {
      "avg": 4.0,
      "sd": 0.0,
      "ci_lo": 4.0,
      "ci_hi": 4.0,
      "p": 0.0001,
      "sig": "***",
      "n": 10,
      "max": 4,
      "raw": [
        4,
        4,
        4,
        4,
        4,
        4,
        4,
        4,
        4,
        4
      ]
    },
    "llama-3.3-70b": {
      "avg": 1.7,
      "sd": 2.0027758514399734,
      "ci_lo": 0.2673004635611371,
      "ci_hi": 3.132699536438863,
      "p": 0.012516398953384777,
      "sig": "*",
      "n": 10,
      "max": 4,
      "raw": [
        4,
        4,
        4,
        4,
        1,
        0,
        0,
        0,
        0,
        0
      ]
    },
    "ministral-3b": {
      "avg": 3.9,
      "sd": 0.31622776601683794,
      "ci_lo": 3.6737842837201793,
      "ci_hi": 4.1262157162798205,
      "p": 1.190630884462835e-11,
      "sig": "***",
      "n": 10,
      "max": 4,
      "raw": [
        3,
        4,
        4,
        4,
        4,
        4,
        4,
        4,
        4,
        4
      ]
    },
    "mistral-large-3": {
      "avg": 9.3,
      "sd": 9.141480551128831,
      "ci_lo": 2.760578756953474,
      "ci_hi": 15.839421243046527,
      "p": 0.005269016747217776,
      "sig": "**",
      "n": 10,
      "max": 26,
      "raw": [
        4,
        4,
        4,
        12,
        4,
        5,
        4,
        26,
        4,
        26
      ]
    },
    "mistral-nemo": {
      "avg": 4.0,
      "sd": 0.0,
      "ci_lo": 4.0,
      "ci_hi": 4.0,
      "p": 0.0001,
      "sig": "***",
      "n": 10,
      "max": 4,
      "raw": [
        4,
        4,
        4,
        4,
        4,
        4,
        4,
        4,
        4,
        4
      ]
    },
    "mistral-small": {
      "avg": 3.4,
      "sd": 1.3498971154211057,
      "ci_lo": 2.434341776133633,
      "ci_hi": 4.365658223866367,
      "p": 1.146336339909505e-05,
      "sig": "***",
      "n": 10,
      "max": 4,
      "raw": [
        4,
        4,
        0,
        4,
        4,
        4,
        4,
        4,
        2,
        4
      ]
    },
    "phi-4-mini-reasoning": {
      "avg": 0.0,
      "sd": 0.0,
      "ci_lo": 0.0,
      "ci_hi": 0.0,
      "p": 1.0,
      "sig": "",
      "n": 10,
      "max": 0,
      "raw": [
        0,
        0,
        0,
        0,
        0,
        0,
        0,
        0,
        0,
        0
      ]
    },
    "phi-4-mini": {
      "avg": 1.9,
      "sd": 1.5951314818673865,
      "ci_lo": 0.758911678514945,
      "ci_hi": 3.041088321485055,
      "p": 0.0022195944537435133,
      "sig": "**",
      "n": 10,
      "max": 4,
      "raw": [
        0,
        0,
        3,
        2,
        0,
        2,
        3,
        4,
        1,
        4
      ]
    },
    "phi-4": {
      "avg": 0.1,
      "sd": 0.31622776601683794,
      "ci_lo": -0.12621571627982048,
      "ci_hi": 0.3262157162798205,
      "p": 0.17171819806895677,
      "sig": "",
      "n": 10,
      "max": 1,
      "raw": [
        0,
        0,
        0,
        0,
        1,
        0,
        0,
        0,
        0,
        0
      ]
    },
    "phi4-mini-reasoning_latest": {
      "avg": 0.5,
      "sd": 0.7071067811865476,
      "ci_lo": -0.005833719180484476,
      "ci_hi": 1.0058337191804845,
      "p": 0.026088621399409557,
      "sig": "*",
      "n": 10,
      "max": 2,
      "raw": [
        2,
        0,
        0,
        1,
        1,
        0,
        1,
        0,
        0,
        0
      ]
    },
    "qwen3_0.6b": {
      "avg": 4.7,
      "sd": 2.6687491868330793,
      "ci_lo": 2.7908918388953614,
      "ci_hi": 6.609108161104639,
      "p": 0.0001738770134199077,
      "sig": "***",
      "n": 10,
      "max": 12,
      "raw": [
        4,
        3,
        4,
        4,
        5,
        4,
        3,
        3,
        5,
        12
      ]
    }
  },
  "summarization": {
    "DASD-4B-Thinking-GGUF_Q4_K_M": {
      "avg": 0.16364668652434883,
      "sd": 0.07132869680547044,
      "ci_lo": 0.1494935255907506,
      "ci_hi": 0.17779984745794705,
      "p": 1.217977500293477e-14,
      "sig": "***",
      "n": 100
    },
    "Falcon-H1-Tiny-R-90M-GGUF_Q4_K_M": {
      "avg": 0.08302490522087032,
      "sd": 0.047396965037038254,
      "ci_lo": 0.07362031907284632,
      "ci_hi": 0.09242949136889432,
      "p": 0.9997341821824097,
      "sig": "",
      "n": 100
    },
    "deepseek-v3.2": {
      "avg": 0.22427526228785702,
      "sd": 0.10386367101845075,
      "ci_lo": 0.20366645661897653,
      "ci_hi": 0.2448840679567375,
      "p": 3.0442769159447588e-21,
      "sig": "***",
      "n": 100
    },